,fixed_acidity,volatile_acidity,citric_acid,residual_sugar,chlorides,free_sulfur_dioxide,total_sulfur_dioxide,density,pH,sulphates,alcohol,quality
count,3724.0,3724.0,3724.0,3724.0,3724.0,3724.0,3724.0,3724.0,3724.0,3724.0,3724.0,3724.0
mean,7.196683673469388,0.3451396348012889,0.3154645542427497,5.035324919441462,0.05686842105263158,29.86345327604726,113.69454887218045,0.9945458458646617,3.2301584317937704,0.5337755102040816,10.554096849261278,5.79484425349087
std,1.310356333606495,0.16857552650336266,0.14580138407971135,4.549203810195902,0.03650329950358385,17.139462204214865,56.59730187441239,0.0029779156508927414,0.16189799460398932,0.14510355146031245,1.181894909492747,0.8714378795331966
min,3.9,0.08,0.0,0.6,0.013,2.0,6.0,0.98711,2.72,0.22,8.0,3.0
25%,6.4,0.23,0.24,1.8,0.038,16.0,73.0,0.99228,3.12,0.44,9.5,5.0
50%,6.9,0.3,0.31,2.7,0.047,28.0,116.0,0.9947,3.22,0.51,10.4,6.0
75%,7.7,0.41,0.39,7.4,0.066,40.0,154.0,0.99674,3.34,0.6,11.4,6.0
max,15.6,1.58,1.66,65.8,0.611,146.5,344.0,1.03898,4.01,2.0,14.2,9.0
